url,category
https://www.reddit.com/r/aiToolForBusiness/comments/1sfubk2/if_youre_just_starting_out_what_productivity/,productivity
https://www.reddit.com/r/productivity/comments/1tj2384/im_not_depressed_but_all_i_have_energy_to_do_is/,productivity
https://www.reddit.com/r/productivity/comments/1tl15rl/why_am_i_neverendingly_exhausted/,productivity
https://www.reddit.com/r/productivity/comments/1tmifgo/any_nonstandardprivate_tips_for_prioritizing_tasks/,productivity
https://www.reddit.com/r/productivity/comments/1tm845s/how_do_i_ground_myself_in_reality/,mental health
https://www.reddit.com/r/productivity/comments/1tlk89c/do_you_create_a_system_for_doing_something_you/,productivity
https://www.reddit.com/r/productivity/comments/1tkvg31/gamification_to_best_procastination_and_optimum/,productivity
https://www.reddit.com/r/ADHD/comments/1caue2l/adhd_folks_who_are_consistently_productive/,productivity
https://www.reddit.com/r/therapy/comments/1dg8ta1/i_dont_understand_how_therapy_can_help_anyone/,mental health
https://www.reddit.com/r/Anxiety/comments/1tmnopr/persistent_dry_mouth_treatment/,health
https://www.reddit.com/r/Anxiety/comments/1tmq6qq/how_can_i_deal_with_generalized_anxiety_disorder/,mental health
https://www.reddit.com/r/Anxiety/comments/1tmbql2/irrational_fear_of_interviews/,mental health
https://www.reddit.com/r/NevilleGoddard/comments/u72z98/how_do_you_interpret_the_feeling/,mental health
https://www.reddit.com/r/offmychest/comments/1tm0tvc/my_husband_is_performative_when_talking_to_others/,mental health
https://www.reddit.com/r/running/comments/sd645l/what_nonrunning_activity_led_you_to_more/,health
https://www.reddit.com/r/WFH/comments/1r83j5l/treadmill_desk_love_the_steps_but_the_reach_is/,health
https://www.reddit.com/r/Gymhelp/comments/1tlq0k6/one_arm_is_weaker/,health
https://www.reddit.com/r/Biohackers/comments/1npafxr/what_diet_finally_got_you_lean/,health
https://www.reddit.com/r/Biohackers/comments/1tmmuae/best_way_to_improve_wrist_strength_and_size/,health
https://www.reddit.com/r/selfimprovement/comments/1tmac0t/how_do_i_cope_with_people_whom_i_know_ignore_or/,mental health
https://www.reddit.com/r/Catholicism/comments/ou9xmj/have_you_figured_out_your_charism_how_did_you/,glow up
https://www.reddit.com/r/socialskills/comments/1tmqwh3/best_way_to_actually_practice_social_skills/,glow up
https://www.reddit.com/r/socialskills/comments/1tfq1on/how_does_a_person_become_fun_again/,glow up
https://www.reddit.com/r/socialskills/comments/tw38ep/how_do_i_build_my_personality/,glow up
https://www.reddit.com/r/IncelExit/comments/1tmjgap/genuinely_how_do_you_make_friends/,glow up
https://www.reddit.com/r/AskReddit/comments/1p3r1gm/how_do_you_know_if_you_are_attractive_or_not/,glow up
