Url,Thematic,Context,Emotion,Need,Objet 1,Object 2,Solution,file,Description,PostTitle,PostBody
https://www.reddit.com/r/productivity/comments/1rleggx/are_there_any_appblockers_that_you_cannot/,100% Productivity,100% Professionnal,100% Cold,100% Track,Security Camera,Robotic Arm,APP PUNCHER,apppuncher.jpg,"You've been installing and deleting app blockers every time your limit hits? The App Puncher watches your screen 24/7 and when you open a restricted app, the robotic arm will simply just punch you in the face. No bypass. No uninstall. No excuses.",Are there any appblockers that you CANNOT uninstall or bypass?,"Been installing and deleting appblockers when my limit hits. Do you guys know of any apps that don't allow uninstalls?

Thank you!"
https://www.reddit.com/r/QuantifiedSelf/comments/1r9chac/why_is_it_so_easy_to_track_steps_but_impossible/,42% Mental Health/33% Health/25% Discipline,51% Professionnal/33% Sports/16% Academic,34% Solitude/33% Exhaustion/33% Anger,50% Motivate/50% Track,Buzzer Button,Smoke Machine,UNFOG YOUR BRAIN,unfog.jpg,"Your Apple Watch tracks your steps. It tells you nothing about why your brain stops working at 11am. The Brain Fog Watch analyses your heart rate, and when it drops, it activates a smoke cloud around your wrist. If your brain feels as foggy as the smoke, press the buzzer. At the end of each day, your results are published on the FOGGY app. Finally, real data.","Why is it so easy to track steps but impossible to track ""brain fog""?","I’m doing some research on why health trackers (Oura, Whoop, Apple Watch) are great for physical stats but tell us basically nothing about why our brains decide to stop working at 11am.

As someone interested in the gap between ""body data"" and ""ADHD reality,"" I’m trying to see if there's a better way to actually see mental fatigue coming before the crash happens.

Just a 2-minute survey to see how people here actually track (or fail to track) their mental performance. I'm happy to share the anonymized results back here if people are interested in the data.

Survey link: https://forms.gle/2KssM8y9kVsUJS6t6

Appreciate any insights."
https://www.reddit.com/r/DecidingToBeBetter/comments/1sefbum/how_to_internally_source_the_feeling_of_being/,34% Mental Health/33% Discipline/33%Productivity,100% Interpersonal,100% Solitude,100% Company,Hot Water Bottle,Plush Toy,INNER HUG,innerhug.jpg,"You don't need someone else to feel loved and adored. You need us. Huging your all day long, the hot water bottle keeps you warm from the inside. That warmth? That's you, loving yourself. If you ever feel like it's not strong enough, tie it tighter, push the star button. Add more burning water. You are enough.",How to internally source the feeling of being loved ?,"I realise that I’m chasing relationships because I want the feeling of being loved and adored, not because I found someone and I want to be with them.

And I’m thinking, what am I lacking that is making me want a relationship. And I realise that it’s the feeling of being loved by someone who I deem their opinion ‘valuable’ (as in someone who I think is attractive to like me back - yeah sorry I’m quite shallow).

I don’t want to source that feeling externally anymore. I want to get that from myself so that when the time comes that I meet someone I like, I want to be with them.

So any ideas I how I can internally source that feeling of loving myself / being loved? Like what I can do to love myself more so I don’t need it from anyone else? I know it’s a simple question but I find it so hard!"
https://www.reddit.com/r/Biohackers/comments/1rpx0rj/why_do_people_who_are_heavy_into_running_seem_to/,60% Health/20% Montal Health/20% Social,67% Sports/33% Interpersonal,100% Cold,100% Track,Mask,Fridge,STAY FRESH & RUN,stayfresh.jpg,You've been speedrunning your skin's age and your biology is stressed out. The Fridge Face keeps your facial skin at a constant 4°C while you run. Cold skin doesn't move. Cold skin doesn't age. Run as hard as you want. Your face will simply not know.,Why do people who are heavy into running seem to age so fast in the face?,This makes me believe it is so catabolic of activity that it stresses out your biology and you are speedrunning skins age
https://www.reddit.com/r/socialskills/comments/ld0v4m/how_do_i_stop_looking_so_awkward/,30% Social/25% Self Esteem/25% Discipline,80% Interpersonal/20% Professionnal,40% Solitude/40% Confusion/20% Shame,57% Track/43% Motivate,Tie,Spring,DEEP TIE,deeptie.jpg,"You feel stiff. You can't move naturally. People tell you to relax but you have no idea how. The Tight Breath detects micro-contractions in your neck in real time. When tension is detected, the mechanical spring activates and tightens the tie around your neck, forcing you to breathe deeper, instantly. Relaxation has never been this straightforward.",How do I stop Looking so Awkward,"Hi, I've got avoidant personality disorder, and one of the ways my extreme discomfort in social situations has manifested is in, well, just plain looking awkward.

It's difficult to describe. People tell me I need to relax, but I have no idea how to do that. I don't know how they think I look unrelaxed in the first place.

I suppose I feel stiff and too self-aware. I almost feel like my every move is being judged (I have always been very self-conscious and critical of my appearance),and find it difficult to move naturally; like I'm making all my movements manually. I've been told I have a weird gait - almost like a supermodel. I suppose I'm just too inwardly focused. I think even when I'm just sitting or standing it's awkward, as in my posture, what I do with my hands and so on.

It makes me feel pathetic. I picture myself as someone who's really goofy and weird. Not someone that could ever be taken seriously. Because I'm so concerned about it, it kind of feeds in to itself, exacerbating the problem. I can't imagine how I could change."
https://www.reddit.com/r/failuretolaunch/comments/1nma8ou/how_can_i_become_resilient_and_antifragile/,100% Productivity,100% Professionnal,60% Cold/40% Shame,100% Motivate,Mirror,Megaphone,BELIEVE IT,believeit.jpg,"You feel like you'll never be good enough. You've tried. The Believe It Mirror makes you say it anyway. Stand in front of the mirror, say your positive affirmations out loud. The megaphone will shout them back at you, louder, closer, unavoidable, until your brain has no other choice but to believe them. Growth mindset, guaranteed.",How can I become resilient and anti-fragile,"I feel I need to develop a growth mindset , and become resilient and anti-fragile I’m getting worse in my academics , I have no job and no time for full-time one , I’m less intelligent than average and doing way worse than my classmates , have no community and no support system besides my family and a friend . Lots of things I know, I only know them because one of my friends I had in high school was one of the highest linguistic and existential intelligences in the class , and above average logical- mathematical one .

Edit: sharing more about me . I have read my academic past and I’m deeply haunted by it , I feel I will never be good enough"
https://www.reddit.com/r/Anxiety/comments/1ryy32t/have_you_been_able_to_eradicate_your_fears/,40% Mental Health/40% Health/20% Self Esteem,100% Professionnal,50% Fear/50% Boredom,100% Motivate,Calendar,Figurines,BREAK THE FEAR,breakthefear.jpg,"Your health anxiety has been getting progressively worse and you've tried all the options. This is the last one. Every day for a month, open a new box. Inside, a glass figurine representing a fear from your past. Throw it on the ground. Watch it break. If the fear is still there, step on the broken glass. You will instantly think about something else.",Have you been able to eradicate your fears?,I guess this is the great question...but has anyone out there been able to eradicate fear? I'm a middle aged male and my health anxiety seems to be getting progressively worse. I have been on ssri since around 9th grade and have tried all the options it seems. Have you found anything that has drastically helped you?
https://www.reddit.com/r/productivity/comments/1sgqn01/please_help_im_ignoring_all_of_my_alarms_in_the/,75% Productivity/25% Discipline,100% Professionnal,100% Cold,100% Track,Scale,Alarm,SNOOZE TO HELL,snooze.jpg,"You ignore ALL your alarms. You delete them in your sleep without realising. The Scale & Splash detects your weight in bed. If you're still there when you shouldn't be, the siren activates : loud, bright, impossible to ignore. After 2 minutes, water will be thrown at you, instantly and wildly. You will get up.",PLEASE HELP I’m ignoring all of my alarms in the morning.,"I ignore ALL my alarms. I’ve even tried ones with math problems, but I just delete them when I wake up without realizing. I literally don’t get up I just throw my phone away. I urgently need to wake up tomorrow morning. What can I do to actually make it work this time? I haven’t used alarms in 1.5 years because I always ignore them when I wake up."
https://www.reddit.com/r/DecidingToBeBetter/comments/1sbcnw6/i_feel_like_i_have_no_personality_but_i_dont_know/,34% Self Esteem/33% Mental Health/33% Social,50% Domestic/25% Professionnal/25% Interpersonal,40% Boredom/40% Doubts/20% Solitude,57% Track/43% Company,Flowers,Geiger Counter,BLOOMING COUNTER,blooming.jpg,"You're fairly uninteresting. You know it. You've tried the digital detox and it changed nothing. The Bloom keychain clips onto your bag and detects personality wavelengths around you all day long. When one is detected, a flower opens. If none are detected, they stay closed. You'll know exactly where you stand.",I feel like I have no personality but I don't know how to fix it.,"To preface this, I'm very online. I know it. But I tried a ""digital detox"", stayed off my phone for two months, and it didn't change anything. All it did was made me bored.

I don't really have any hobbies. I like singing, reading (mostly fiction though), writing, and cooking, but it doesn't really affect the person I am and I don't do it that often. I'm fairly uninteresting. I don't have a lot of conversation and I don't know how to get better at it. I try, but it always falls flat. I'm not uneducated, I just don't think I'm interesting.

I see these people with a clear understanding of what they like/dislike, who they are, have a clear personality that reflects in their style, space,... I don't have that, and I don't know how to have that.

Any advice is welcome! :)

Edit: thanks everyone for the thought-provoking answers! You're probably right, I'm a little too hard on myself. I'll try to sit with what's already there and lean into it. Maybe get out of my house a little more. I appreciate the advice :)"
