Name,Subtitle,Description,Price,User,Link,Month,Collection,Files,Close Ups
APP PUNCHER,Xtreme App Tracker,"You've been installing and deleting app blockers every time your limit hits? The App Puncher watches your screen 24/7 and when you open a restricted app, the robotic arm will simply just punch you in the face. No bypass. No uninstall. No excuses.",99.90,u/throwaway_raisin4892,https://www.reddit.com/r/productivity/comments/1rleggx/are_there_any_appblockers_that_you_cannot/,June,Productivity,apppuncher.jpg,appuncher-close.png/appuncher-close-2.png
INNER HUG,Warming heart,"You don't need someone else to feel loved and adored. You need us. Huging your all day long, the hot water bottle keeps you warm from the inside. That warmth? That's you, loving yourself. If you ever feel like it's not strong enough, tie it tighter, push the star button. Add more burning water. You are enough.",49.90,u/quiet_spiral_99,https://www.reddit.com/r/DecidingToBeBetter/comments/1sefbum/how_to_internally_source_the_feeling_of_being/,June,Mental Health,innerhug.jpg,innerhug-close.png
STAY FRESH & RUN,Running Mask,You've been speedrunning your skin's age and your biology is stressed out. The Fridge Face keeps your facial skin at a constant 4°C while you run. Cold skin doesn't move. Cold skin doesn't age. Run as hard as you want. Your face will simply not know.,149.90,u/DullRow2956,https://www.reddit.com/r/Biohackers/comments/1rpx0rj/why_do_people_who_are_heavy_into_running_seem_to/,June,Health,stayfresh.jpg,stayfresh-close.png/stayfresh-close-2.png
UNFOG YOUR BRAIN,Brain Fog Tracker,"Your Apple Watch tracks your steps. It tells you nothing about why your brain stops working at 11am. The Brain Fog Watch analyses your heart rate, and when it drops, it activates a smoke cloud around your wrist. If your brain feels as foggy as the smoke, press the buzzer. At the end of each day, your results are published on the FOGGY app. Finally, real data.",49.90,u/Glittering-Round-154,https://www.reddit.com/r/QuantifiedSelf/comments/1r9chac/why_is_it_so_easy_to_track_steps_but_impossible/,May,Mental Health,unfog.jpg,unfog-close.png
DEEP TIE,Awkwardness Tracker,"You feel stiff. You can't move naturally. People tell you to relax but you have no idea how. The Tight Breath detects micro-contractions in your neck in real time. When tension is detected, the mechanical spring activates and tightens the tie around your neck, forcing you to breathe deeper, instantly. Relaxation has never been this straightforward.",49.90,u/chaos-construct,https://www.reddit.com/r/socialskills/comments/ld0v4m/how_do_i_stop_looking_so_awkward/,May,Glow up,deeptie.jpg,deeptie-close.jpg
BELIEVE IT,Shouting Mirror,"You feel like you'll never be good enough. You've tried. The Believe It Mirror makes you say it anyway. Stand in front of the mirror, say your positive affirmations out loud. The megaphone will shout them back at you, louder, closer, unavoidable, until your brain has no other choice but to believe them. Growth mindset, guaranteed.",99.90,u/Proof-Raisin-8454,https://www.reddit.com/r/failuretolaunch/comments/1nma8ou/how_can_i_become_resilient_and_antifragile/,May,Mental Health,believeit.jpg,believeit-close.png
BREAK THE FEAR,One Month Fear Treatment,"Your health anxiety has been getting progressively worse and you've tried all the options. This is the last one. Every day for a month, open a new box. Inside, a glass figurine representing a fear from your past. Throw it on the ground. Watch it break. If the fear is still there, step on the broken glass. You will instantly think about something else.",49.90,u/Few_Sandwich6308,https://www.reddit.com/r/Anxiety/comments/1ryy32t/have_you_been_able_to_eradicate_your_fears/,April,Mental Health,breakthefear.jpg,breakthefear-close.jpg
SNOOZE TO HELL,Wake Up Siren,"You ignore ALL your alarms. You delete them in your sleep without realising. The Scale & Splash detects your weight in bed. If you're still there when you shouldn't be, the siren activates : loud, bright, impossible to ignore. After 2 minutes, water will be thrown at you, instantly and wildly. You will get up.",149.90,u/JuggernautOdd8786,https://www.reddit.com/r/productivity/comments/1sgqn01/please_help_im_ignoring_all_of_my_alarms_in_the/,April,Productivity,snooze.jpg,snooze-close.jpg
BLOOMING COUNTER,Personality Tracker,"You're fairly uninteresting. You know it. You've tried the digital detox and it changed nothing. The Bloom keychain clips onto your bag and detects personality wavelengths around you all day long. When one is detected, a flower opens. If none are detected, they stay closed. You'll know exactly where you stand.",99.90,u/my_best_version_ever,https://www.reddit.com/r/DecidingToBeBetter/comments/1sbcnw6/i_feel_like_i_have_no_personality_but_i_dont_know/,April,Glow up,blooming.jpg,blooming-close.jpg
,,,,,,,,,
,,,,,,,,,
,,,,,,,,,
,,,,,,,,,
,,,,,,,,,
,,,,,,,,,
,,,,,,,,,
,,,,,,,,,
,,,,,,,,,
,,,,,,,,
